Variant name	Variant source	Chromosome/scaffold name	Chromosome/scaffold position start (bp)	Chromosome/scaffold position end (bp)	Variant alleles	Clinical significance
rs138512915	dbSNP	10	8097260	8097260	G/A	benign
rs34628951	dbSNP	10	8097268	8097268	C/T	benign
rs35971003	dbSNP	10	8097355	8097355	G/T	benign
rs10905277	dbSNP	10	8097368	8097368	G/A	benign
rs369825935	dbSNP	10	8097524	8097524	G/T	benign
rs28395794	dbSNP	10	8097550	8097550	G/A	benign
rs11567887	dbSNP	10	8097559	8097559	C/T	benign
rs412359	dbSNP	10	8097561	8097561	C/T	benign
rs11567942	dbSNP	10	8097570	8097570	C/G/T	benign
rs560531559	dbSNP	10	8097834	8097834	G/T	benign
rs376505863	dbSNP	10	8097867	8097867	C/A/T	benign
rs2228254	dbSNP	10	8100632	8100632	T/C	benign
rs2229359	dbSNP	10	8100647	8100647	C/T	benign
rs575091	dbSNP	10	8106047	8106047	C/T	benign
rs406103	dbSNP	10	8111621	8111621	C/T	benign
rs11567941	dbSNP	10	8115908	8115908	G/A	benign
rs199951165	dbSNP	10	8116008	8116008	G/A	benign
rs200946839	dbSNP	10	8116012	8116012	C/G	benign
rs2229360	dbSNP	10	8116079	8116079	C/A/T	benign
rs138815232	dbSNP	10	8116477	8116477	A/G	benign
rs9746	dbSNP	10	8116503	8116503	A/C/G	benign
rs1058240	dbSNP	10	8116598	8116598	G/A/C	benign
rs192494656	dbSNP	10	8116650	8116650	C/T	benign
rs531077807	dbSNP	10	8116784	8116784	G/A	benign
rs183890714	dbSNP	10	8116973	8116973	T/G	benign
rs11255509	dbSNP	10	8117052	8117052	C/G/T	benign
